﻿<?xml version="1.0" encoding="utf-8"?>
<component format="1" id="sdwebimage">
  <name>SDWebImage</name>
  <publisher>Olivier Poitrey</publisher>
  <publisher-url>https://github.com/rs/SDWebImage</publisher-url>
  <version>3.5.4</version>
  <summary>Extensions for UIImageView allowing you to asynchronously load web images.</summary>
  <samples>
    <sample id="SDWebImageSimpleSample">
      <name>iOS Sample Load Image</name>
      <summary>iOS Sample Load Image</summary>
    </sample>
    <sample id="SDWebImageMTDialogSample">
      <name>iOS Sample MTD</name>
      <summary>iOS Sample MTD</summary>
    </sample>
    <sample id="SDWebImageSample">
      <name>iOS Sample TableView</name>
      <summary>iOS Sample TableView</summary>
    </sample>
  </samples>
</component>