﻿<?xml version="1.0" encoding="utf-8"?>
<component format="1" id="modernhttpclient">
  <name>ModernHttpClient</name>
  <publisher>Paul Betts</publisher>
  <publisher-url>http://blog.paulbetts.org/</publisher-url>
  <version>2.3.0</version>
  <summary>Write your app using System.Net.Http, but drop this library in and it will go drastically faster.</summary>
  <samples>
    <sample id="HttpClient.iOS">
      <name>HttpClient.iOS Unified API Sample</name>
      <summary>HttpClient.iOS Unified API Sample</summary>
    </sample>
    <sample id="HttpClient.Android">
      <name>HttpClient.Android Sample</name>
      <summary>HttpClient.Android Sample</summary>
    </sample>
  </samples>
</component>