﻿<?xml version="1.0" encoding="utf-8"?>
<component format="1" id="json.net">
  <name>Json.NET</name>
  <publisher>James Newton-King</publisher>
  <publisher-url>http://james.newtonking.com/projects/json-net.aspx</publisher-url>
  <version>4.5.11</version>
  <summary>A high-performance JSON framework for .NET.</summary>
  <samples>
    <sample id="Json.NET.Android.Sample">
      <name>Android Sample.</name>
      <summary>Android Sample</summary>
    </sample>
    <sample id="Json.NET.iOS.Sample">
      <name>iOS Sample.</name>
      <summary>iOS Sample</summary>
    </sample>
  </samples>
</component>