﻿<?xml version="1.0" encoding="utf-8"?>
<component format="1" id="json.net" is-shell="true">
  <name>Json.NET</name>
  <publisher>James Newton-King</publisher>
  <publisher-url>http://james.newtonking.com/projects/json-net.aspx</publisher-url>
  <version>6.0.8.1</version>
  <summary>A high-performance JSON framework for .NET.</summary>
  <packages>
    <package id="Newtonsoft.Json" version="6.0.8.0" framework="ios-unified" />
    <package id="Newtonsoft.Json" version="6.0.8.0" framework="ios" />
    <package id="Newtonsoft.Json" version="6.0.8.0" framework="android" />
  </packages>
  <screenshots>
    <img src="screenshots/screenshot.png" title="screenshot" />
  </screenshots>
  <samples>
    <sample id="Json.NET.Android.Sample">
      <name>Android Sample</name>
      <summary>Android Sample</summary>
    </sample>
    <sample id="Json.NET.iOS.Sample">
      <name>iOS Sample</name>
      <summary>iOS Sample</summary>
    </sample>
  </samples>
</component>